Customer ID,First Name,Last Name,Sex,Phone,Email Adress,Postal Code,City,Country,Username,Password
2705762416572,Lucas,Verlinden,Men,+32(0)115 121646,Lucas.Verlinden@icloud.com,2656,Ucimont,Belgium,Lucas61,",A%w_G8[BB"
7766462843710,Silke,François,Women,(0918) 128930,Silke.François@zoho.com,7945,Bailièvre,Belgium,Silke173,w:EZ8>UFhe
8734946084565,Jarne,Bogaert,Men,+3211-4070729,Jarne.Bogaert@telenet.com,8122,Bettincourt,Belgium,Jarne112,VoRn3^acn2
8633643184817,Sofie,François,Women,0462 741200,Sofie.François@yahoo.com,8790,Weillen,Belgium,Sofie24,V.R4pj|T@k
5740851308792,Lars,Simons,Men,(054) 2197528,Lars.Simons@yahoo.com,1261,Rienne,Belgium,Lars128,"a1E%ei`E@,"
1954427281351,Sofie,Timmermans,Women,+32847 483515,Sofie.Timmermans@telenet.com,8836,Micheroux,Belgium,Sofie33,d)IE-9~(hT
5090612395187,Elias,Claeys,Men,(0114)-416693,Elias.Claeys@gmail.com,4937,Gaasbeek,Belgium,Elias104,iGh:CR;`:l
1756657173522,Jolien,Lauwers,Women,(071) 3689824,Jolien.Lauwers@yahoo.com,4141,Wervik,Belgium,Jolien150,<}%w]mU%|\
8115198261320,Quinten,Claessens,Men,(038) 1425408,Quinten.Claessens@outlook.com,4585,Vellereille-les-Brayeux,Belgium,Quinten11,xPRcvtP5o4
1222512787555,Alicia,Charlier,Women,+3257 4341595,Alicia.Charlier@hotmail.com,8743,Huccorgne,Belgium,Alicia135,(Q>UbM|YhY
4429848917622,Jordy,Dubois,Men,+32(0)82 0689112,Jordy.Dubois@hotmail.com,3524,De Pinte,Belgium,Jordy102,(5)(i8+*W+
8457796762204,Inès,De Ridder,Women,(0672)-556213,Inès.DeRidder@icloud.com,9123,Kleine-Brogel,Belgium,Inès25,5IMyVr=b5i
5399133913176,Jordan,Smets,Men,+32(0)71-4135943,Jordan.Smets@telenet.com,2557,Kessel-Lo,Belgium,Jordan101,h5pJZcz_xA
0914900351286,Elodie,Michiels,Women,+32(0)61 8735784,Elodie.Michiels@zoho.com,6201,Pamel,Belgium,Elodie156,*sgLR#h&Gd
2988429288999,Pieter,Leroy,Men,(0727) 949601,Pieter.Leroy@telenet.com,1398,Haren-Tongeren,Belgium,Pieter152,"p%X4R,<SX^"
4778502131991,Chiara,Thomas,Women,+32(0)380 785846,Chiara.Thomas@telenet.com,3590,Loncin,Belgium,Chiara20,"R|]LXsE""+7"
8398132242682,Jonas,Michiels,Men,+3226 1502894,Jonas.Michiels@gmail.com,6734,Hastière-par-Delà,Belgium,Jonas45,lpy|296:[;
5119427999512,Alexandra,Claes,Women,+32(0)21 3491487,Alexandra.Claes@hotmail.com,8313,Onze-Lieve-Vrouw-Waver,Belgium,Alexandra104,zEJ@eKr%{%
3043363685611,Jens,Vermeiren,Men,+3271 5646935,Jens.Vermeiren@gmail.com,6062,Spalbeek,Belgium,Jens83,-;xCA:GMEZ
1188980856503,Kato,Thomas,Women,+3253-1957332,Kato.Thomas@outlook.com,1143,Kanegem,Belgium,Kato197,qI-ev}5|tK
6028184755736,Alexander,Christiaens,Men,0063 988790,Alexander.Christiaens@icloud.com,9778,Beervelde,Belgium,Alexander184,"\Ze,FsNbAU"
0927129581697,Pauline,Willems,Women,+32(0)59 5813363,Pauline.Willems@hotmail.com,1281,Juprelle,Belgium,Pauline49,8\Cugi[`;=
1721977342947,William,Pieters,Men,+32(0)43 5500016,William.Pieters@zoho.com,4082,Hoogstraten,Belgium,William189,"Eo""r}Sho>="
6782690246487,Océane,Moens,Women,(0407)-264911,Océane.Moens@outlook.com,1477,Mendonk,Belgium,Océane29,A<0{9'P9~J
7538853775024,Thibaut,Noël,Men,+3275 3419691,Thibaut.Noël@telenet.com,3321,Ottergem,Belgium,Thibaut44,cf)N/{%6~+
0264464406534,Jolien,Desmet,Women,+32326 437625,Jolien.Desmet@yahoo.com,8843,Flawinne,Belgium,Jolien41,ch!m(jwn`)
5857439600156,Cédric,Smets,Men,(0346) 008160,Cédric.Smets@yahoo.com,7002,Bassevelde,Belgium,Cédric158,rlJ%)C\^F$
4767191713968,Noémie,Dupont,Women,(0622)-169101,Noémie.Dupont@hotmail.com,9544,Loonbeek,Belgium,Noémie18,^C|^wI5'+r
4501929797783,Ward,Pieters,Men,(0911)-336460,Ward.Pieters@outlook.com,1023,Koolskamp,Belgium,Ward86,+ycUT|N_@1
0315706662820,Chloé,Wauters,Women,(008)-5218774,Chloé.Wauters@icloud.com,2870,Nouvelles,Belgium,Chloé74,TM*QL+`>8H
0212567827192,Jason,Vermeulen,Men,(095) 3905614,Jason.Vermeulen@zoho.com,1350,Brûly-de-Pesche,Belgium,Jason188,Mibr=EP0@S
0486998595165,Lien,Lambrechts,Women,(062)-4242223,Lien.Lambrechts@icloud.com,6560,Afsnee,Belgium,Lien58,+9fsz+2PWa
3605181220614,Arthur,Simons,Men,(041)-3270270,Arthur.Simons@zoho.com,3230,Corenne,Belgium,Arthur16,"g&W,H~C!Dc"
4668450126004,Alicia,Deprez,Women,0973 536152,Alicia.Deprez@zoho.com,1903,Offagne,Belgium,Alicia113,a%Iq&Xzdl2
3998805700634,Thibault,Verstraeten,Men,0849 601768,Thibault.Verstraeten@telenet.com,8605,Sinaai-Waas,Belgium,Thibault155,^4J&6s1HKb
6446487537266,Célia,De Clercq,Women,+3219 3279118,Célia.DeClercq@outlook.com,9290,Soignies,Belgium,Célia140,]Eh@]=gvHD
7184493508320,Lukas,Bosmans,Men,+3235-3801127,Lukas.Bosmans@yahoo.com,6251,Outrijve,Belgium,Lukas53,@|^8?wVWgt
3490691449008,Bo,Michel,Women,+3267-5909730,Bo.Michel@telenet.com,3165,Wintershoven,Belgium,Bo109,UKy<5+zh?1
6287630680645,Alexis,De Backer,Men,019-1267620,Alexis.DeBacker@icloud.com,4805,Vaux-sous-Chèvremont,Belgium,Alexis75,"M|Q1=""B<F~"
8817762481059,Florence,Maes,Women,+32(0)81 5714125,Florence.Maes@yahoo.com,2677,Walhain-Saint-Paul,Belgium,Florence34,t+8jsieW05
9179020847568,Dorian,Mathieu,Men,037 0039804,Dorian.Mathieu@gmail.com,6894,Saive,Belgium,Dorian171,`AT)$W+SmX
8286882784193,Yasmine,Stevens,Women,0055 376528,Yasmine.Stevens@yahoo.com,1752,Popuelles,Belgium,Yasmine24,":v""1T].W<s"
2420613449396,Dries,Jansen,Men,0120-583685,Dries.Jansen@gmail.com,2397,Leuze-en-Hainaut,Belgium,Dries100,"tG%1vsK""YH"
1020272631763,Marie,Wouters,Women,+32(0)69-7045515,Marie.Wouters@gmail.com,5800,Pottes,Belgium,Marie138,L@S!D:HEPW
2153717049909,Vincent,Claes,Men,0852 716296,Vincent.Claes@telenet.com,7656,Sippenaeken,Belgium,Vincent85,D?#'Hf}_7]
3383924149685,Yana,Adam,Women,+32268-329245,Yana.Adam@yahoo.com,3513,Haine-Saint-Pierre,Belgium,Yana57,xAaV3-}|~^
3277217330341,Loïc,Cornelis,Men,+32(0)819 314163,Loïc.Cornelis@zoho.com,2576,Kortijs,Belgium,Loïc87,WH>Bd\Cr1~
8487251936936,Océane,Leroy,Women,+32(0)642 777529,Océane.Leroy@gmail.com,6570,Handzame,Belgium,Océane130,A.V>490'[J
7771314342602,Arno,Van De Velde,Men,(010) 1634856,Arno.VanDeVelde@outlook.com,6209,Opbrakel,Belgium,Arno102,[djPf<TWlW
2737133120771,Noa,Stevens,Women,+32(0)63-8546549,Noa.Stevens@hotmail.com,6069,Wez-Velvain,Belgium,Noa156,)q=w.~M5Px
9803785720406,Maarten,Wouters,Men,(0564)-714807,Maarten.Wouters@hotmail.com,8947,Souvret,Belgium,Maarten15,"T{F\,t|9:e"
9554188503875,Lotte,Smets,Women,+32(0)44 5273897,Lotte.Smets@zoho.com,6245,Warnant,Belgium,Lotte114,cpV+EMBhQ>
8209166616000,Nicolas,Renard,Men,(0890) 303503,Nicolas.Renard@zoho.com,6104,Lincent,Belgium,Nicolas15,"i~N!`j;9,o"
8001580824541,Hanne,Noël,Women,(012) 9606397,Hanne.Noël@yahoo.com,9074,Coutisse,Belgium,Hanne65,">$&+^<D""=("
7219589176345,Seppe,Vermeulen,Men,032 4310940,Seppe.Vermeulen@gmail.com,6231,Sclayn,Belgium,Seppe116,IlcGw-mv]+
0431712536299,Amandine,Devos,Women,+3228-6181552,Amandine.Devos@hotmail.com,1121,Meeffe,Belgium,Amandine133,90-;h#X60#
3247594264959,Bram,Verschueren,Men,+3256-8918264,Bram.Verschueren@hotmail.com,4502,Maldegem,Belgium,Bram74,'W|><EpY-A
6476521496835,Justine,Wouters,Women,050 9337875,Justine.Wouters@yahoo.com,2845,Mont-Gauthier,Belgium,Justine178,"4^]Z(Rr""4["
6003207478738,Michiel,Mertens,Men,(0244)-118794,Michiel.Mertens@zoho.com,3933,Ophain-Bois-Seigneur-Isaac,Belgium,Michiel140,$g4RK4zu0O
9228231261125,Sophie,De Meyer,Women,+32(0)35 0771523,Sophie.DeMeyer@yahoo.com,5882,Burst,Belgium,Sophie105,_A0)Eq#5XS
8656642040214,Jonas,Bertrand,Men,002 9069382,Jonas.Bertrand@icloud.com,1233,Houffalize,Belgium,Jonas195,t:-IH1+].y
2815995467127,Louise,Beckers,Women,(0543)-015050,Louise.Beckers@zoho.com,5441,Neerlinter,Belgium,Louise151,"sxaU<~;0R"""
8574407625302,Arnaud,Lauwers,Men,(0912)-304147,Arnaud.Lauwers@gmail.com,7868,Champlon,Belgium,Arnaud125,w6%T_U1EH+
9039782806442,Aline,Goossens,Women,0024-236671,Aline.Goossens@zoho.com,7839,Habay,Belgium,Aline93,",*b`z2|-,+"
7455597238826,Liam,Christiaens,Men,(0813) 646652,Liam.Christiaens@hotmail.com,2362,Houthalen,Belgium,Liam144,"""=$;Lh?{{="
0263987251160,Anouk,Janssens,Women,+32571 379642,Anouk.Janssens@hotmail.com,7969,Nerem,Belgium,Anouk51,"Mh7I""!Xv/i"
9821904671966,Tristan,Verschueren,Men,018-7553354,Tristan.Verschueren@zoho.com,2218,Uitbergen,Belgium,Tristan144,"};KI?)|1,Q"
8074816385084,Sofie,Wouters,Women,012-9413006,Sofie.Wouters@hotmail.com,9753,Sint-Denijs-Westrem,Belgium,Sofie164,GeT`(1]|F0
6418725570585,Samuel,Hendrickx,Men,+32(0)125 407393,Samuel.Hendrickx@outlook.com,6052,Aartrijke,Belgium,Samuel121,0^yUF1~]J|
9399498303645,Nina,Lambrechts,Women,+3261-1606035,Nina.Lambrechts@hotmail.com,1088,Gozée,Belgium,Nina69,t~dumbl}.S
8795369472163,Noah,Gérard,Men,+32(0)90-4462365,Noah.Gérard@outlook.com,3058,Pulle,Belgium,Noah148,nE@?.{ZXMU
7625006380826,Luna,Geerts,Women,+3255-7438779,Luna.Geerts@outlook.com,5592,Philippeville,Belgium,Luna190,"z+k9HG,uxh"
3212897660196,Cyril,Noël,Men,(0273) 531047,Cyril.Noël@gmail.com,2238,Nollevaux,Belgium,Cyril32,")@MYO9*p""m"
6705456425705,Charlotte,Bauwens,Women,+3292-9646677,Charlotte.Bauwens@yahoo.com,3478,Spermalie,Belgium,Charlotte197,s2^E{xjAD9
9507070979539,Victor,Claessens,Men,+3242-1199174,Victor.Claessens@gmail.com,9775,Spiere,Belgium,Victor151,T)@G:'UFIA
0629012920778,Ines,Van Den Broeck,Women,056 6864892,Ines.VanDenBroeck@icloud.com,9053,Warsage,Belgium,Ines185,0tRG7b9'x_
3078321185669,Dylan,Michel,Men,+32(0)473-315161,Dylan.Michel@icloud.com,4625,Jambes,Belgium,Dylan18,~Za-|.$1~M
9700394851810,Kelly,Gérard,Women,064 3743790,Kelly.Gérard@hotmail.com,3114,Habergy,Belgium,Kelly16,A1fW}MEybh
9996035010789,Louis,De Vos,Men,(0816) 107433,Louis.DeVos@icloud.com,2312,Rèves,Belgium,Louis144,y&]''8a&.N
9720433566572,Justine,Lambert,Women,(0112)-466554,Justine.Lambert@zoho.com,5911,Vilvoorde,Belgium,Justine146,#mHQs!pN&w
1700291798864,Bryan,Lambert,Men,0824 629021,Bryan.Lambert@hotmail.com,7185,Amougies,Belgium,Bryan186,K=28_~PN&/
1536803653281,Lotte,Vermeersch,Women,067 9952341,Lotte.Vermeersch@yahoo.com,1984,Natoye,Belgium,Lotte186,D)Em-R5G93
9056586352042,Théo,Pauwels,Men,(0047) 586273,Théo.Pauwels@gmail.com,1470,Herzele,Belgium,Théo70,4&NMwUv&n[
6461945547518,Lore,Verschueren,Women,+32(0)98 8762505,Lore.Verschueren@hotmail.com,6789,Othée,Belgium,Lore188,//40hjzb^M
9941158462140,Sam,Lemmens,Men,+32(0)181 635634,Sam.Lemmens@yahoo.com,5735,Bovesse,Belgium,Sam134,Tw60tFF;Ra
8034238957493,Caro,Lauwers,Women,+32(0)827-043295,Caro.Lauwers@yahoo.com,2880,Grâce-Berleur,Belgium,Caro151,m`fL2V2=nJ
8616239789757,Elias,Hermans,Men,0990 932612,Elias.Hermans@yahoo.com,4904,Wannebecq,Belgium,Elias145,9Ta7n9[yo(
0592582247811,Manon,Martens,Women,(097) 9152175,Manon.Martens@hotmail.com,8694,Opvelp,Belgium,Manon126,"le:bP$enw"""
0777441395770,Quinten,Maes,Men,(0731)-397806,Quinten.Maes@hotmail.com,5806,Frameries,Belgium,Quinten29,M6^I0T8:TT
8062860573923,Manon,Pauwels,Women,034-9800164,Manon.Pauwels@yahoo.com,4283,Hemiksem,Belgium,Manon197,;:Yr(KiL}z
6454008427302,Maarten,Van Den Broeck,Men,+32(0)651-481481,Maarten.VanDenBroeck@outlook.com,1094,Elversele,Belgium,Maarten96,vNEDxBA=Ty
0473160033848,Elisa,Timmermans,Women,+3251 2465893,Elisa.Timmermans@telenet.com,4269,Oret,Belgium,Elisa165,6AoJ*cswl6
8784436108446,Kobe,Van Damme,Men,066-7891700,Kobe.VanDamme@yahoo.com,1229,Rijkel,Belgium,Kobe190,iC0v'vHDvM
1565035672290,Bo,Christiaens,Women,(0414)-550870,Bo.Christiaens@icloud.com,1773,Maasmechelen,Belgium,Bo183,b6-8Br!`KP
7519473278127,Maarten,Deprez,Men,(0923) 178389,Maarten.Deprez@telenet.com,6696,La Bruyère,Belgium,Maarten150,}zCCy`WDgg
3488486311749,Fanny,Lemmens,Women,+3250 9948931,Fanny.Lemmens@zoho.com,3582,Leuven,Belgium,Fanny118,X7~acws9N]
4395191701716,Niels,Lenaerts,Men,(013)-6046867,Niels.Lenaerts@gmail.com,6177,Kallo-Kieldrecht,Belgium,Niels34,ZX=6_vE3Fb
4376059495700,Juliette,Deprez,Women,+32(0)30 3302686,Juliette.Deprez@outlook.com,1675,Crupet,Belgium,Juliette82,u`%';Z+f=j
7829716939038,Gilles,De Smet,Men,011 3236374,Gilles.DeSmet@outlook.com,8465,Aublain,Belgium,Gilles72,g#}p5q3_<:
2373145209364,Eva,Charlier,Women,(0377)-614086,Eva.Charlier@gmail.com,3025,Waremme,Belgium,Eva137,VQV'W#(zmS
9396888500596,Jordan,Cools,Men,045 0172778,Jordan.Cools@yahoo.com,3008,Impe,Belgium,Jordan189,z#+]ph>c8J
2152764360425,Alexia,François,Women,+3291 8500880,Alexia.François@hotmail.com,8537,Bilzen,Belgium,Alexia39,f>P^N$q+kW
5810554646562,Maarten,Laurent,Men,(0589)-812682,Maarten.Laurent@icloud.com,1206,Tihange,Belgium,Maarten119,.iwZY*\h;r
0999873420676,Camille,Dumont,Women,+32(0)88 1113748,Camille.Dumont@yahoo.com,9175,Loppem,Belgium,Camille192,J`t%2T>&uG
0013527857199,Logan,Segers,Men,+32(0)612 188015,Logan.Segers@hotmail.com,9204,Flémalle-Grande,Belgium,Logan176,kn#tpB[q%`
5572484053105,Delphine,Coppens,Women,+32102-196715,Delphine.Coppens@telenet.com,8299,Sint-Pauwels,Belgium,Delphine199,-.3;>u*1TB
1093475956402,Jens,Wuyts,Men,063 8762618,Jens.Wuyts@yahoo.com,2048,Froidchapelle,Belgium,Jens40,q`B'v;W&@<
8681390783262,Estelle,Bertrand,Women,+3252-9915136,Estelle.Bertrand@gmail.com,1507,Mater,Belgium,Estelle193,9;Q!Yu@Hyv
1139497046164,Anthony,Martens,Men,+32481 076447,Anthony.Martens@icloud.com,7343,Chaudfontaine,Belgium,Anthony183,h_|57!yW]X
5357387563009,Léa,Bertrand,Women,(0289) 277994,Léa.Bertrand@icloud.com,2500,Maubray,Belgium,Léa63,>?L~OJ#EkR
5212204886107,Antoine,Maes,Men,002 3825245,Antoine.Maes@zoho.com,9529,Bassenge,Belgium,Antoine183,)[MfDX2{mj
4252551228610,Marine,Martin,Women,(088) 6652267,Marine.Martin@yahoo.com,7941,Mortroux,Belgium,Marine19,k40lT3_}x1
5933307932077,Ryan,Claessens,Men,(0903)-106708,Ryan.Claessens@outlook.com,3779,Petit-Hallet,Belgium,Ryan35,'%Vr[m5<>O
8090690358965,Victoria,Claeys,Women,(0914)-187950,Victoria.Claeys@telenet.com,4133,Braives,Belgium,Victoria129,"vv""?9qoLVO"
3593800466782,Vincent,Lejeune,Men,+32831 773151,Vincent.Lejeune@icloud.com,5025,Pellaines,Belgium,Vincent145,@q6+_:.J?y
9346329886153,Anna,Gérard,Women,028-8291713,Anna.Gérard@hotmail.com,6580,Hacquegnies,Belgium,Anna137,G6xybk=V@C
5046647689393,Jarne,Segers,Men,038 2802623,Jarne.Segers@yahoo.com,7563,Oreye,Belgium,Jarne72,"Xu!\+S:""'F"
4993412251650,Anke,Baert,Women,0666-135382,Anke.Baert@hotmail.com,5248,Huise,Belgium,Anke23,.;gmN$C7Kh
4082657376820,Brent,Petit,Men,+3211 9819536,Brent.Petit@icloud.com,6359,Freux,Belgium,Brent109,"x|H$,g{egf"
5177883888453,Pauline,Christiaens,Women,+32(0)74 3237836,Pauline.Christiaens@zoho.com,7706,Westerlo,Belgium,Pauline114,`x).=$17YF
2917505350387,Stef,Van Damme,Men,+32(0)30 8812358,Stef.VanDamme@telenet.com,4645,Auvelais,Belgium,Stef53,"{xsJx)J""BC"
0305518842447,Imane,Goossens,Women,+32480-320369,Imane.Goossens@hotmail.com,4818,Tournay,Belgium,Imane38,d-i[)kC%X5
6111806340573,Cédric,Lejeune,Men,+32(0)46-4754739,Cédric.Lejeune@icloud.com,7449,Hauset,Belgium,Cédric149,@0A9d:H[*h
8580678300199,Julie,Coppens,Women,(0525) 869641,Julie.Coppens@zoho.com,5332,Marbais,Belgium,Julie187,K]>6e\/SNo
1065253871065,Ward,Dupont,Men,095 7556296,Ward.Dupont@hotmail.com,7749,Mévergnies-lez-Lens,Belgium,Ward181,YIjBy.TtV|
5699621721878,Caro,Lambert,Women,+32(0)19-3892553,Caro.Lambert@icloud.com,6650,Relegem,Belgium,Caro20,"E#/aT_G(p"""
6168662039577,Anthony,Hermans,Men,+3216 3131266,Anthony.Hermans@hotmail.com,1112,Theux,Belgium,Anthony64,w_~~=7Qnam
8461330398629,Kelly,Renard,Women,+32162 952232,Kelly.Renard@icloud.com,8559,Rocherath,Belgium,Kelly112,_Awafi'u^5
4371620912259,Ruben,De Smet,Men,+32530-022518,Ruben.DeSmet@zoho.com,5833,Athus,Belgium,Ruben123,"""!_1}I`%<!"
6354204947863,Hanne,Dubois,Women,+3233 3364463,Hanne.Dubois@gmail.com,5518,Roksem,Belgium,Hanne154,ka9F$u;=w0
1972050155176,Alexis,Lemmens,Men,+32943-744004,Alexis.Lemmens@zoho.com,7107,Noiseux,Belgium,Alexis164,@t1L)BDx-~
3120169735515,Britt,Vermeulen,Women,0604 591217,Britt.Vermeulen@outlook.com,5035,Poelkapelle,Belgium,Britt173,V_gQgs:$\_
3195012941962,Arnaud,Aerts,Men,(0682) 018246,Arnaud.Aerts@gmail.com,4410,Mormont,Belgium,Arnaud107,pH3yb:7#TX
2103153409675,Fleur,Verstraete,Women,+32216-781982,Fleur.Verstraete@icloud.com,9709,Vaux-sur-Sûre,Belgium,Fleur153,5vBt%R2ntc
7278421512791,Arno,Lauwers,Men,+32(0)71 6190380,Arno.Lauwers@gmail.com,1567,Haltinne,Belgium,Arno31,OR}e-s|)JA
6328152487986,Estelle,De Ridder,Women,+32038-446873,Estelle.DeRidder@yahoo.com,2273,Wiekevorst,Belgium,Estelle67,"X<z680)2$,"
0879095885740,Vincent,Janssen,Men,(0923)-857797,Vincent.Janssen@hotmail.com,6635,Edingen,Belgium,Vincent92,">&z!,Sy63s"
0412878908644,Ines,Lambrechts,Women,(0917)-796327,Ines.Lambrechts@icloud.com,6325,Poucet,Belgium,Ines182,U0~+mM?Fns
0702396488131,Dylan,Petit,Men,+32(0)915 850139,Dylan.Petit@zoho.com,1260,Ramegnies-Chin,Belgium,Dylan79,'ulHy/L=!0
0370461622738,Anke,Verschueren,Women,0412-045905,Anke.Verschueren@icloud.com,1427,Vaucelles,Belgium,Anke76,ZfO:>Y6=G~
8067884271501,Nicolas,Stevens,Men,(0798) 943189,Nicolas.Stevens@icloud.com,3302,Wanze,Belgium,Nicolas86,iYc+c(DM$e
7427071806517,Noémie,Cornelis,Women,067-9508835,Noémie.Cornelis@telenet.com,8949,Zonnegem,Belgium,Noémie31,"w!C""}p@RXC"
2962959356357,Robbe,Lemmens,Men,+3272 6196381,Robbe.Lemmens@gmail.com,6024,Maarkedal,Belgium,Robbe137,"*vy}gZ/2""1"
4267900364672,Charlotte,Lejeune,Women,(0266) 456516,Charlotte.Lejeune@outlook.com,9027,Kraainem,Belgium,Charlotte126,"s'->j""u'~<"
9519526990488,Lucas,Claes,Men,+32(0)15-4915050,Lucas.Claes@telenet.com,2368,Lens-sur-Geer,Belgium,Lucas149,i#vvK[yJ4v
8578037492012,Febe,De Backer,Women,0351-921650,Febe.DeBacker@zoho.com,5214,Warnant-Dreye,Belgium,Febe141,Y#(7qcX*4l
1013424598457,Nicolas,Michel,Men,(086) 0064101,Nicolas.Michel@telenet.com,8640,Lapscheure,Belgium,Nicolas68,~U;$(wrq[V
4002375118970,Imane,Aerts,Women,+32(0)988 332307,Imane.Aerts@icloud.com,8787,Hollange,Belgium,Imane173,)chC~md5gd
6012773200197,Loïc,Wouters,Men,(0932) 326190,Loïc.Wouters@hotmail.com,2915,Rienne,Belgium,Loïc187,Z58GAJDZbM
0623489929344,Melissa,Verstraeten,Women,0093-052929,Melissa.Verstraeten@icloud.com,7222,Baasrode,Belgium,Melissa127,"vg,""%!Ugv/"
6432289021640,Sander,Timmermans,Men,(0084) 215656,Sander.Timmermans@zoho.com,2639,Quevaucamps,Belgium,Sander103,f5p(=-@~S=
0252303518598,Margot,De Meyer,Women,+3291 7917918,Margot.DeMeyer@outlook.com,3200,Martouzin-Neuville,Belgium,Margot41,TNdH3#e+]@
9099837480918,Dorian,Laurent,Men,(0088)-506885,Dorian.Laurent@icloud.com,7969,Oostende,Belgium,Dorian32,Hk@Y1nlX29
3483498351540,Aline,Hendrickx,Women,(038)-3913370,Aline.Hendrickx@icloud.com,1208,Bizet,Belgium,Aline101,";0y+""=pUtN"
7809612144997,Robbe,Vermeulen,Men,0833-087423,Robbe.Vermeulen@gmail.com,1644,Hévillers,Belgium,Robbe35,TIA`)DHTST
4368308130984,Aurélie,Vermeersch,Women,+32657-352850,Aurélie.Vermeersch@hotmail.com,5485,Kolmont-Tongeren,Belgium,Aurélie118,xm@rn]8QZD
8787836636234,Arne,Vermeersch,Men,+32(0)16 1773128,Arne.Vermeersch@yahoo.com,8479,Salles,Belgium,Arne49,F-Qut<KdQT
7833776365083,Valentine,Leclercq,Women,057-3531422,Valentine.Leclercq@hotmail.com,8088,Nederzwalm-Hermelgem,Belgium,Valentine194,QM{h3b3cWZ
5682969399882,Adrien,Jacobs,Men,(046)-2135866,Adrien.Jacobs@telenet.com,4323,Louette-Saint-Denis,Belgium,Adrien43,lL/1(@z56e
9735707733097,Manon,Beckers,Women,+32(0)449 985082,Manon.Beckers@telenet.com,5575,Faimes,Belgium,Manon128,GoH]^[?31;
9725843137769,Dorian,Dupont,Men,091 6717566,Dorian.Dupont@outlook.com,4757,Falaën,Belgium,Dorian84,~OGE9868f7
3961184794448,Kaat,Verstraete,Women,+32(0)04 4731529,Kaat.Verstraete@hotmail.com,9120,Horebeke,Belgium,Kaat73,^-1V46-3X)
9767232277941,Martin,Denis,Men,+32575 793688,Martin.Denis@outlook.com,1010,Oorbeek,Belgium,Martin110,{4a\vx?abP
0740569776424,Kato,Michel,Women,(008) 2166419,Kato.Michel@zoho.com,4076,Heusy,Belgium,Kato59,tB?9?Cksis
3132566737313,Nathan,Fontaine,Men,+32065-075692,Nathan.Fontaine@telenet.com,3523,Zoutleeuw,Belgium,Nathan178,8j1E[btkgp
8160008287220,Amandine,Lemmens,Women,088 2674266,Amandine.Lemmens@hotmail.com,3354,Popuelles,Belgium,Amandine181,6'm;YgV9tT
4016207921353,Michiel,Noël,Men,+32(0)371-322562,Michiel.Noël@icloud.com,1149,Tourinnes-Saint-Lambert,Belgium,Michiel67,F+RXz%_;sJ
6542157829372,Axelle,Dupont,Women,0826-669769,Axelle.Dupont@outlook.com,7521,Orchimont,Belgium,Axelle51,T2L*x)/f)@
8553388107428,Luca,Van Den Broeck,Men,+32(0)262-482492,Luca.VanDenBroeck@gmail.com,3812,Hollogne-sur-Geer,Belgium,Luca133,"QZM""`(Ev)u"
5451096693984,Charlotte,Moens,Women,+3242 2405817,Charlotte.Moens@yahoo.com,1674,Seraing-le-Château,Belgium,Charlotte59,"<e=a@?wB~"""
5712974573458,Kevin,Simon,Men,018-7477329,Kevin.Simon@outlook.com,4139,Doische,Belgium,Kevin84,1lkXb4YY&U
5482900722980,Margaux,Vermeersch,Women,+32(0)793 671284,Margaux.Vermeersch@yahoo.com,5867,Beffe,Belgium,Margaux55,W.ak={/tJX
7216755659405,Mathieu,Smet,Men,013 6711900,Mathieu.Smet@gmail.com,3580,Sougné-Remouchamps,Belgium,Mathieu28,^}q\?}Dj_[
1094037004056,Emilie,Hendrickx,Women,081-6561080,Emilie.Hendrickx@icloud.com,8921,Renlies,Belgium,Emilie197,H+Jtv%#8)E
2309381971893,Yannick,Maes,Men,098 7575634,Yannick.Maes@icloud.com,8681,Elouges,Belgium,Yannick68,z=m{V!k_Q!
1090078602936,Audrey,Segers,Women,+32(0)20 6442409,Audrey.Segers@telenet.com,9717,Sluizen,Belgium,Audrey177,B5]Wyc<B@<
1062107467646,Martin,Lenaerts,Men,+32854-796636,Martin.Lenaerts@hotmail.com,6512,Adinkerke,Belgium,Martin61,rtL\>F%wT|
3604668392434,Océane,Vermeersch,Women,+3232 7648193,Océane.Vermeersch@icloud.com,3160,Zolder,Belgium,Océane90,vsG|<[}+u{
8759628257256,Lennert,Gérard,Men,0234-349301,Lennert.Gérard@zoho.com,5315,Ichtegem,Belgium,Lennert161,w#)A*|pADD
6962058016426,Laure,Maes,Women,+32(0)12-7464530,Laure.Maes@icloud.com,4239,Le Roeulx,Belgium,Laure155,%4s=ZXlJY)
2051002958247,Alexander,Baert,Men,+32(0)030-444543,Alexander.Baert@hotmail.com,1955,Alsemberg,Belgium,Alexander140,w&U7xXq^G{
7560724741472,Lies,Bertrand,Women,(079)-3075732,Lies.Bertrand@gmail.com,8592,Zarren,Belgium,Lies196,i%v}O75aBO
5727746979622,Gilles,Verheyen,Men,+32367 983353,Gilles.Verheyen@zoho.com,1211,Cerfontaine,Belgium,Gilles179,IuyeG'&M2Y
4369423504248,Delphine,Leclercq,Women,(021)-7105764,Delphine.Leclercq@icloud.com,7071,Kanegem,Belgium,Delphine62,i7j:^od%_H
7744063154583,Ward,Thys,Men,0708 826448,Ward.Thys@zoho.com,6615,Braine-l'Alleud,Belgium,Ward73,vo\)h%a!e#
7168632400738,Audrey,Thomas,Women,075-7131958,Audrey.Thomas@gmail.com,8961,Lommel,Belgium,Audrey93,]jwn|&nf5V
2703876463246,Nick,Hermans,Men,+32(0)43-9591815,Nick.Hermans@yahoo.com,8072,Sambreville,Belgium,Nick27,oTF%&`yk8%
9006544610323,Nina,De Smet,Women,025-2022326,Nina.DeSmet@hotmail.com,8407,Ambly,Belgium,Nina136,Lr=%oEK/dv
6542924135521,Robbe,Dupont,Men,(0187)-998987,Robbe.Dupont@zoho.com,7837,Charneux,Belgium,Robbe103,S#6u5wanur
5605025475589,Yana,Lemaire,Women,+32(0)721-384355,Yana.Lemaire@yahoo.com,1201,Schaffen,Belgium,Yana13,|6#.oC7Pj7
2153327405279,Antoine,De Smedt,Men,(0300)-044216,Antoine.DeSmedt@outlook.com,5688,Awenne,Belgium,Antoine50,"$C=Ynu""CX~"
5121544845655,Sarah,Verbeke,Women,(016)-4482863,Sarah.Verbeke@outlook.com,8913,Sankt-Vith,Belgium,Sarah183,8=&FS@?`DT
3099071175680,Nathan,Gérard,Men,(0950)-889792,Nathan.Gérard@outlook.com,6052,Namêche,Belgium,Nathan157,")2ErS2#?""U"
8111202828119,Céline,De Smedt,Women,0419 998235,Céline.DeSmedt@gmail.com,3109,Fauroeulx,Belgium,Céline141,"8~v},Roism"
0771713856702,Noah,De Clercq,Men,+32(0)157-258801,Noah.DeClercq@telenet.com,4458,Ere,Belgium,Noah190,|]70frl<Q]
0544136782126,Marie,Michel,Women,009 8372570,Marie.Michel@zoho.com,5087,Grand-Halleux,Belgium,Marie127,p?'6/s{S+[
5858819963783,Thibault,Petit,Men,0692 414187,Thibault.Petit@hotmail.com,7895,Poeke,Belgium,Thibault199,&>]pBfwND2
6857987978420,Céline,Stevens,Women,+3228-8374775,Céline.Stevens@yahoo.com,5093,Lampernisse,Belgium,Céline61,CXulc3^\wB
3359746271535,Thomas,Adam,Men,(0596) 072149,Thomas.Adam@telenet.com,2525,Genoelselderen,Belgium,Thomas116,f]m@&jKS1^
3779553646473,Kato,Lemaire,Women,+32843 240205,Kato.Lemaire@telenet.com,6144,Vaux-et-Borset,Belgium,Kato71,"),Vz*@pxHc"
